{
    "MPC01": {
        "N_step": 5,
        "Q_y": [1e2, 1e2, 1e2, 1e2, 1e2, 1e2],
        "Q_yN": [1e5, 1e5, 1e5, 1e5, 1e5, 1e5],
        "R_q_ref": [0, 0, 0, 0, 0, 0, 0],
        "R_q_p": [1e-2, 1e-2, 1e-2, 1e-2, 1e-2, 1e-2, 1e-2],
        "R_u": [1e-5, 1e-5, 1e-5, 1e-5, 1e-5, 1e-5, 1e-5],
        "R_x_prev": [0, 0, 0, 0, 0, 0, 0, 0, 0, 0, 0, 0, 0, 0],
        "R_u0_prev": [0, 0, 0, 0, 0, 0, 0],
        "max_du": 1e3,
        "q_ref": [0, 0, 0, -1.59695, 0, 2.53075, 0],
        "x_min": [-2.3093, -1.5133, -2.4937, -2.7478, -2.48, 0.8521, -2.6895, -2, -1, -1.5, -1.25, -3, -1.5, -3],
        "x_max": [2.3093, 1.5133, 2.4937, -0.4461, 2.48, 4.2094, 2.6895, 2, 1, 1.5, 1.25, 3, 1.5, 3],
        "u_min": [-87, -87, -87, -87, -12, -12, -12],
        "u_max": [87, 87, 87, 87, 12, 12, 12]
    },
    "MPC6": {
        "N_step": 5,
        "Q_y": [1e2, 1e2, 1e2, 1e2, 1e2, 1e2],
        "epsilon_t": 1e-5,
        "epsilon_r": 1e-5,
        "Q_y_ref": [10, 10, 10, 10, 10, 10],
        "Q_y_p_ref": [6.3246, 6.3246, 6.3246, 6.3246, 6.3246, 6.3246],
        "R_q_ref": [0, 0, 0, 0, 0, 0, 0],
        "R_q_p": [1e-2, 1e-2, 1e-2, 1e-2, 1e-2, 1e-2, 1e-2],
        "R_u": [1e-5, 1e-5, 1e-5, 1e-5, 1e-5, 1e-5, 1e-5],
        "R_x_prev": [0, 0, 0, 0, 0, 0, 0, 0, 0, 0, 0, 0, 0, 0],
        "R_z_prev": [0, 0, 0, 0, 0, 0, 0, 0, 0, 0, 0, 0, 0],
        "R_alpha_prev": [0, 0, 0, 0, 0, 0],
        "R_u0_prev": [0, 0, 0, 0, 0, 0, 0],
        "max_du": 1e3,
        "q_ref": [0, 0, 0, -1.59695, 0, 2.53075, 0],
        "x_min": [-2.3093, -1.5133, -2.4937, -2.7478, -2.48, 0.8521, -2.6895, -2, -1, -1.5, -1.25, -3, -1.5, -3],
        "x_max": [2.3093, 1.5133, 2.4937, -0.4461, 2.48, 4.2094, 2.6895, 2, 1, 1.5, 1.25, 3, 1.5, 3],
        "u_min": [-87, -87, -87, -87, -12, -12, -12],
        "u_max": [87, 87, 87, 87, 12, 12, 12]
    },
    "MPC7": {
        "N_step": 5,
        "Q_y": [1e2, 1e2, 1e2, 1e2, 1e2, 1e2],
        "epsilon_t": 1e-5,
        "epsilon_r": 1e-5,
        "R_q_ref": [0, 0, 0, 0, 0, 0, 0],
        "R_q_p": [1e-2, 1e-2, 1e-2, 1e-2, 1e-2, 1e-2, 1e-2],
        "R_u": [1e-5, 1e-5, 1e-5, 1e-5, 1e-5, 1e-5, 1e-5],
        "R_alpha": [1e2, 1e2, 1e2, 1e2, 1e2, 1e2],
        "R_x_prev": [0, 0, 0, 0, 0, 0, 0, 0, 0, 0, 0, 0, 0, 0],
        "R_z_prev": [0, 0, 0, 0, 0, 0, 0, 0, 0, 0, 0, 0],
        "R_alpha_prev": [0, 0, 0, 0, 0, 0],
        "R_u0_prev": [0, 0, 0, 0, 0, 0, 0],
        "max_du": 1e3,
        "q_ref": [0, 0, 0, -1.59695, 0, 2.53075, 0],
        "x_min": [-2.3093, -1.5133, -2.4937, -2.7478, -2.48, 0.8521, -2.6895, -2, -1, -1.5, -1.25, -3, -1.5, -3],
        "x_max": [2.3093, 1.5133, 2.4937, -0.4461, 2.48, 4.2094, 2.6895, 2, 1, 1.5, 1.25, 3, 1.5, 3],
        "u_min": [-87, -87, -87, -87, -12, -12, -12],
        "u_max": [87, 87, 87, 87, 12, 12, 12]
    },
    "MPC8": {
        "N_step": 5,
        "Q_y": [1e2, 1e2, 1e2, 1e2, 1e2, 1e2],
        "Q_yN": [1e5, 1e5, 1e5, 1e5, 1e5, 1e5],
        "R_q_ref": [0, 0, 0, 0, 0, 0, 0],
        "R_q_p": [1e-2, 1e-2, 1e-2, 1e-2, 1e-2, 1e-2, 1e-2],
        "R_u": [1e-5, 1e-5, 1e-5, 1e-5, 1e-5, 1e-5, 1e-5],
        "R_x_prev": [0, 0, 0, 0, 0, 0, 0, 0, 0, 0, 0, 0, 0, 0],
        "R_u0_prev": [0, 0, 0, 0, 0, 0, 0],
        "K_P_q": [1e2, 1e2, 1e2, 1e2, 1e2, 1e2, 1e2],
        "K_D_q": [20, 20, 20, 20, 20, 20, 20],
        "max_du": 1e3,
        "q_ref": [0, 0, 0, -1.59695, 0, 2.53075, 0],
        "x_min": [-2.3093, -1.5133, -2.4937, -2.7478, -2.48, 0.8521, -2.6895, -2, -1, -1.5, -1.25, -3, -1.5, -3],
        "x_max": [2.3093, 1.5133, 2.4937, -0.4461, 2.48, 4.2094, 2.6895, 2, 1, 1.5, 1.25, 3, 1.5, 3],
        "u_min": [-10, -10, -10, -10, -10, -10, -10],
        "u_max": [10, 10, 10, 10, 10, 10, 10]
    },
    "MPC9": {
        "N_step": 5,
        "Q_y": [1e2, 1e2, 1e2, 1e2, 1e2, 1e2],
        "Q_yN": [1e5, 1e5, 1e5, 1e5, 1e5, 1e5],
        "R_u": [1e-10, 1e-10, 1e-10, 1e-10, 1e-10, 1e-10, 1e-10],
        "R_v": [1e-10, 1e-10, 1e-10, 1e-10, 1e-10, 1e-10, 1e-10],
        "R_u0_prev": [0, 0, 0, 0, 0, 0, 0],
        "lambda_u_ew": [500, 500, 500, 500, 500, 500, 500],
        "K_P_q": [1e2, 1e2, 1e2, 1e2, 1e2, 1e2, 1e2],
        "K_D_q": [20, 20, 20, 20, 20, 20, 20],
        "max_du": 1e3,
        "q_ref": [0, 0, 0, -1.59695, 0, 2.53075, 0],
        "x_min": [-2.3093, -1.5133, -2.4937, -2.7478, -2.48, 0.8521, -2.6895, -2, -1, -1.5, -1.25, -3, -1.5, -3],
        "x_max": [2.3093, 1.5133, 2.4937, -0.4461, 2.48, 4.2094, 2.6895, 2, 1, 1.5, 1.25, 3, 1.5, 3],
        "u_min": [-10, -10, -10, -10, -10, -10, -10],
        "u_max": [10, 10, 10, 10, 10, 10, 10],
        "v_min": [-10, -10, -10, -10, -10, -10, -10],
        "v_max": [10, 10, 10, 10, 10, 10, 10]
    },
    "MPC10": {
        "N_step": 5,
        "Q_y": [1e2, 1e2, 1e2, 1e2, 1e2, 1e2],
        "Q_yN": [1e5, 1e5, 1e5, 1e5, 1e5, 1e5],
        "R_q_ref": [0, 0, 0, 0, 0, 0, 0],
        "R_q_p": [1e-2, 1e-2, 1e-2, 1e-2, 1e-2, 1e-2, 1e-2],
        "R_u": [1e-5, 1e-5, 1e-5, 1e-5, 1e-5, 1e-5, 1e-5],
        "R_x_prev": [1e-5, 1e-5, 1e-5, 1e-5, 1e-5, 1e-5, 1e-5, 1e-5, 1e-5, 1e-5, 1e-5, 1e-5, 1e-5, 1e-5],
        "R_u0_prev": [0, 0, 0, 0, 0, 0, 0],
        "K_P_q": [1e2, 1e2, 1e2, 1e2, 1e2, 1e2, 1e2],
        "K_D_q": [20, 20, 20, 20, 20, 20, 20],
        "max_du": 1e3,
        "q_ref": [0, 0, 0, -1.59695, 0, 2.53075, 0],
        "x_min": [-2.3093, -1.5133, -2.4937, -2.7478, -2.48, 0.8521, -2.6895, -2, -1, -1.5, -1.25, -3, -1.5, -3],
        "x_max": [2.3093, 1.5133, 2.4937, -0.4461, 2.48, 4.2094, 2.6895, 2, 1, 1.5, 1.25, 3, 1.5, 3],
        "u_min": [-10, -10, -10, -10, -10, -10, -10],
        "u_max": [10, 10, 10, 10, 10, 10, 10]
    },
    "MPC11": {
        "N_step": 5,
        "Q_y": [1e2, 1e2, 1e2, 1e-1, 1e-1, 1e-1],
        "Q_yN": [1e5, 1e5, 1e5, 1e2, 1e2, 1e2],
        "Q_theta": 1e5,
        "Q_thetaN": 1e8,
        "R_q_ref": [0, 0, 0, 0, 0, 0, 0],
        "R_q_p": [1e-2, 1e-2, 1e-2, 1e-2, 1e-2, 1e-2, 1e-2],
        "R_u": [1e-5, 1e-5, 1e-5, 1e-5, 1e-5, 1e-5, 1e-5],
        "R_x_prev": [1e-5, 1e-5, 1e-5, 1e-5, 1e-5, 1e-5, 1e-5, 1e-5, 1e-5, 1e-5, 1e-5, 1e-5, 1e-5, 1e-5],
        "R_theta_prev": 1e2,
        "R_u0_prev": [1e-2, 1e-2, 1e-2, 1e-2, 1e-2, 1e-2, 1e-2],
        "K_P_q": [1e2, 1e2, 1e2, 1e2, 1e2, 1e2, 1e2],
        "K_D_q": [20, 20, 20, 20, 20, 20, 20],
        "max_du": 1e3,
        "q_ref": [0, 0, 0, -1.59695, 0, 2.53075, 0],
        "x_min": [-2.3093, -1.5133, -2.4937, -2.7478, -2.48, 0.8521, -2.6895, -2, -1, -1.5, -1.25, -3, -1.5, -3],
        "x_max": [2.3093, 1.5133, 2.4937, -0.4461, 2.48, 4.2094, 2.6895, 2, 1, 1.5, 1.25, 3, 1.5, 3],
        "u_min": [-10, -10, -10, -10, -10, -10, -10],
        "u_max": [10, 10, 10, 10, 10, 10, 10]
    },
    "MPC12": {
        "N_step": 5,
        "Q_y": [1e2, 1e2, 1e2, 1e-1, 1e-1, 1e-1],
        "Q_yN": [1e5, 1e5, 1e5, 1e2, 1e2, 1e2],
        "R_q_ref": [0, 0, 0, 0, 0, 0, 0],
        "R_q_p": [1e-2, 1e-2, 1e-2, 1e-2, 1e-2, 1e-2, 1e-2],
        "R_u": [1e-5, 1e-5, 1e-5, 1e-5, 1e-5, 1e-5, 1e-5],
        "R_x_prev": [0, 0, 0, 0, 0, 0, 0, 0, 0, 0, 0, 0, 0, 0],
        "R_u0_prev": [0, 0, 0, 0, 0, 0, 0],
        "K_P_q": [1e2, 1e2, 1e2, 1e2, 1e2, 1e2, 1e2],
        "K_D_q": [20, 20, 20, 20, 20, 20, 20],
        "max_du": 1e3,
        "q_ref": [0, 0, 0, -1.59695, 0, 2.53075, 0],
        "x_min": [-2.3093, -1.5133, -2.4937, -2.7478, -2.48, 0.8521, -2.6895, -2, -1, -1.5, -1.25, -3, -1.5, -3],
        "x_max": [2.3093, 1.5133, 2.4937, -0.4461, 2.48, 4.2094, 2.6895, 2, 1, 1.5, 1.25, 3, 1.5, 3],
        "u_min": [-10, -10, -10, -10, -10, -10, -10],
        "u_max": [10, 10, 10, 10, 10, 10, 10]
    },
    "MPC13": {
        "N_step": 5,
        "Q_y": [1e2, 1e2, 1e2, 1e-1, 1e-1, 1e-1],
        "Q_yN": [1e5, 1e5, 1e5, 1e2, 1e2, 1e2],
        "R_q_ref": [0, 0, 0, 0, 0, 0, 0],
        "R_q_p": [1e-2, 1e-2, 1e-2, 1e-2, 1e-2, 1e-2, 1e-2],
        "R_u": [1e-5, 1e-5, 1e-5, 1e-5, 1e-5, 1e-5, 1e-5],
        "R_x_prev": [0, 0, 0, 0, 0, 0, 0, 0, 0, 0, 0, 0, 0, 0],
        "R_u0_prev": [1e-2, 1e-2, 1e-2, 1e-2, 1e-2, 1e-2, 1e-2],