{
    "MPC1_dyn_classic_N_MPC_3": {
        "N_step": 5,
        "dt": 8e-3,
        "Q_y": [1e2, 1e2, 1e2, 1e2, 1e2, 1e2],
        "Q_yN": [1e5, 1e5, 1e5, 1e5, 1e5, 1e5],
        "R_q_ref": [0, 0, 0, 0, 0, 0, 0],
        "R_q_p": [1e-2, 1e-2, 1e-2, 1e-2, 1e-2, 1e-2, 1e-2],
        "R_u": [1e-5, 1e-5, 1e-5, 1e-5, 1e-5, 1e-5, 1e-5],
        "R_x_prev": [0, 0, 0, 0, 0, 0, 0, 0, 0, 0, 0, 0, 0, 0],
        "R_u0_prev": [0, 0, 0, 0, 0, 0, 0],
        "K_P_q": [1e2, 1e2, 1e2, 1e2, 1e2, 1e2, 1e2],
        "K_D_q": [20, 20, 20, 20, 20, 20, 20],
        "max_du": 1e3,
        "q_ref": [0, 0, 0, -1.59695, 0, 2.53075, 0],
        "x_min": [-2.3093, -1.5133, -2.4937, -2.7478, -2.48, 0.8521, -2.6895, -2, -1, -1.5, -1.25, -3, -1.5, -3],
        "x_max": [2.3093, 1.5133, 2.4937, -0.4461, 2.48, 4.2094, 2.6895, 2, 1, 1.5, 1.25, 3, 1.5, 3],
        "u_min": [-87, -87, -87, -87, -12, -12, -12],
        "u_max": [87, 87, 87, 87, 12, 12, 12]
    },
    "MPC1_dyn_classic_N_MPC_5": {
        "N_step": 5,
        "dt": 8e-3,
        "Q_y": [1e2, 1e2, 1e2, 1e2, 1e2, 1e2],
        "Q_yN": [1e5, 1e5, 1e5, 1e5, 1e5, 1e5],
        "R_q_ref": [0, 0, 0, 0, 0, 0, 0],
        "R_q_p": [1e-2, 1e-2, 1e-2, 1e-2, 1e-2, 1e-2, 1e-2],
        "R_u": [1e-5, 1e-5, 1e-5, 1e-5, 1e-5, 1e-5, 1e-5],
        "R_x_prev": [0, 0, 0, 0, 0, 0, 0, 0, 0, 0, 0, 0, 0, 0],
        "R_u0_prev": [0, 0, 0, 0, 0, 0, 0],
        "K_P_q": [1e2, 1e2, 1e2, 1e2, 1e2, 1e2, 1e2],
        "K_D_q": [20, 20, 20, 20, 20, 20, 20],
        "max_du": 1e3,
        "q_ref": [0, 0, 0, -1.59695, 0, 2.53075, 0],
        "x_min": [-2.3093, -1.5133, -2.4937, -2.7478, -2.48, 0.8521, -2.6895, -2, -1, -1.5, -1.25, -3, -1.5, -3],
        "x_max": [2.3093, 1.5133, 2.4937, -0.4461, 2.48, 4.2094, 2.6895, 2, 1, 1.5, 1.25, 3, 1.5, 3],
        "u_min": [-87, -87, -87, -87, -12, -12, -12],
        "u_max": [87, 87, 87, 87, 12, 12, 12]
    },
    "MPC1_dyn_classic_N_MPC_10": {
        "N_step": 5,
        "dt": 8e-3,
        "Q_y": [1e2, 1e2, 1e2, 1e2, 1e2, 1e2],
        "Q_yN": [1e5, 1e5, 1e5, 1e5, 1e5, 1e5],
        "R_q_ref": [0, 0, 0, 0, 0, 0, 0],
        "R_q_p": [1e-2, 1e-2, 1e-2, 1e-2, 1e-2, 1e-2, 1e-2],
        "R_u": [1e-5, 1e-5, 1e-5, 1e-5, 1e-5, 1e-5, 1e-5],
        "R_x_prev": [0, 0, 0, 0, 0, 0, 0, 0, 0, 0, 0, 0, 0, 0],
        "R_u0_prev": [0, 0, 0, 0, 0, 0, 0],
        "K_P_q": [1e2, 1e2, 1e2, 1e2, 1e2, 1e2, 1e2],
        "K_D_q": [20, 20, 20, 20, 20, 20, 20],
        "max_du": 1e3,
        "q_ref": [0, 0, 0, -1.59695, 0, 2.53075, 0],
        "x_min": [-2.3093, -1.5133, -2.4937, -2.7478, -2.48, 0.8521, -2.6895, -2, -1, -1.5, -1.25, -3, -1.5, -3],
        "x_max": [2.3093, 1.5133, 2.4937, -0.4461, 2.48, 4.2094, 2.6895, 2, 1, 1.5, 1.25, 3, 1.5, 3],
        "u_min": [-87, -87, -87, -87, -12, -12, -12],
        "u_max": [87, 87, 87, 87, 12, 12, 12]
    },
    "MPC2_dyn_parametric_N_MPC_3": {
        "N_step": 5,
        "dt": 4e-3,
        "Q_y": [1e3, 1e3, 1e3, 1e3, 1e3, 1e3],
        "Q_yN": [1e5, 1e5, 1e5, 1e5, 1e5, 1e5],
        "R_theta": [0, 0, 0],
        "R_q_ref": [0, 0, 0, 0, 0, 0, 0],
        "R_q_p": [0, 0, 0, 0, 0, 0, 0],
        "R_u": [1e-5, 1e-5, 1e-5, 1e-5, 1e-5, 1e-5, 1e-5],
        "R_x_prev": [0, 0, 0, 0, 0, 0, 0, 0, 0, 0, 0, 0, 0, 0],
        "R_u0_prev": [0, 0, 0, 0, 0, 0, 0],
        "K_P_q": [1e2, 1e2, 1e2, 1e2, 1e2, 1e2, 1e2],
        "K_D_q": [20, 20, 20, 20, 20, 20, 20],
        "max_du": 1e3,
        "q_ref": [0, 0, 0, -1.59695, 0, 2.53075, 0],
        "x_min": [-2.3093, -1.5133, -2.4937, -2.7478, -2.48, 0.8521, -2.6895, -2, -1, -1.5, -1.25, -3, -1.5, -3],
        "x_max": [2.3093, 1.5133, 2.4937, -0.4461, 2.48, 4.2094, 2.6895, 2, 1, 1.5, 1.25, 3, 1.5, 3],
        "u_min": [-87, -87, -87, -87, -12, -12, -12],
        "u_max": [87, 87, 87, 87, 12, 12, 12]
    },
    "MPC2_dyn_parametric_N_MPC_5": {
        "N_step": 5,
        "dt": 4e-3,
        "Q_y": [1e3, 1e3, 1e3, 1e3, 1e3, 1e3],
        "Q_yN": [1e5, 1e5, 1e5, 1e5, 1e5, 1e5],
        "R_theta": [0, 0, 0],
        "R_q_ref": [0, 0, 0, 0, 0, 0, 0],
        "R_q_p": [0, 0, 0, 0, 0, 0, 0],
        "R_u": [1e-5, 1e-5, 1e-5, 1e-5, 1e-5, 1e-5, 1e-5],
        "R_x_prev": [0, 0, 0, 0, 0, 0, 0, 0, 0, 0, 0, 0, 0, 0],
        "R_u0_prev": [0, 0, 0, 0, 0, 0, 0],
        "K_P_q": [1e2, 1e2, 1e2, 1e2, 1e2, 1e2, 1e2],
        "K_D_q": [20, 20, 20, 20, 20, 20, 20],
        "max_du": 1e3,
        "q_ref": [0, 0, 0, -1.59695, 0, 2.53075, 0],
        "x_min": [-2.3093, -1.5133, -2.4937, -2.7478, -2.48, 0.8521, -2.6895, -2, -1, -1.5, -1.25, -3, -1.5, -3],
        "x_max": [2.3093, 1.5133, 2.4937, -0.4461, 2.48, 4.2094, 2.6895, 2, 1, 1.5, 1.25, 3, 1.5, 3],
        "u_min": [-87, -87, -87, -87, -12, -12, -12],
        "u_max": [87, 87, 87, 87, 12, 12, 12]
    },
    "MPC2_dyn_parametric_N_MPC_10": {
        "N_step": 5,
        "dt": 4e-3,
        "Q_y": [1e3, 1e3, 1e3, 1e3, 1e3, 1e3],
        "Q_yN": [1e5, 1e5, 1e5, 1e5, 1e5, 1e5],
        "R_theta": [0, 0, 0],
        "R_q_ref": [0, 0, 0, 0, 0, 0, 0],
        "R_q_p": [0, 0, 0, 0, 0, 0, 0],
        "R_u": [1e-5, 1e-5, 1e-5, 1e-5, 1e-5, 1e-5, 1e-5],
        "R_x_prev": [0, 0, 0, 0, 0, 0, 0, 0, 0, 0, 0, 0, 0, 0],
        "R_u0_prev": [0, 0, 0, 0, 0, 0, 0],
        "K_P_q": [1e2, 1e2, 1e2, 1e2, 1e2, 1e2, 1e2],
        "K_D_q": [20, 20, 20, 20, 20, 20, 20],
        "max_du": 1e3,
        "q_ref": [0, 0, 0, -1.59695, 0, 2.53075, 0],
        "x_min": [-2.3093, -1.5133, -2.4937, -2.7478, -2.48, 0.8521, -2.6895, -2, -1, -1.5, -1.25, -3, -1.5, -3],
        "x_max": [2.3093, 1.5133, 2.4937, -0.4461, 2.48, 4.2094, 2.6895, 2, 1, 1.5, 1.25, 3, 1.5, 3],
        "u_min": [-87, -87, -87, -87, -12, -12, -12],
        "u_max": [87, 87, 87, 87, 12, 12, 12]
    },
    "MPC3_kin_int_thelenberg_N_MPC_5": {
        "N_step": 5,
        "dt": 1e-3,
        "Q_y": [1e2, 1e2, 1e2, 1e2, 1e2, 1e2],
        "Q_yN": [1e5, 1e5, 1e5, 1e5, 1e5, 1e5],
        "R_q_ref": [0, 0, 0, 0, 0, 0, 0],
        "R_q_p": [1e-10, 1e-10, 1e-10, 1e-10, 1e-10, 1e-10, 1e-10],
        "R_u": [1e-3, 1e-3, 1e-3, 1e-3, 1e-3, 1e-3, 1e-3],
        "R_x_prev": [0, 0, 0, 0, 0, 0, 0, 0, 0, 0, 0, 0, 0, 0],
        "R_u0_prev": [0, 0, 0, 0, 0, 0, 0],
        "K_P_q": [10, 10, 10, 10, 10, 10, 10],
        "K_D_q": [6, 6, 6, 6, 6, 6, 6],
        "max_du": 1e3,
        "q_ref": [0, 0, 0, -1.59695, 0, 2.53075, 0],
        "x_min": [-2.3093, -1.5133, -2.4937, -2.7478, -2.48, 0.8521, -2.6895, -2, -1, -1.5, -1.25, -3, -1.5, -3],
        "x_max": [2.3093, 1.5133, 2.4937, -0.4461, 2.48, 4.2094, 2.6895, 2, 1, 1.5, 1.25, 3, 1.5, 3],
        "u_min": [-10, -10, -10, -10, -10, -10, -10],
        "u_max": [10, 10, 10, 10, 10, 10, 10]
    },
    "MPC3_kin_int_thelenberg_N_MPC_10": {
        "N_step": 5,
        "dt": 1e-3,
        "Q_y": [1e2, 1e2, 1e2, 1e2, 1e2, 1e2],
        "Q_yN": [1e5, 1e5, 1e5, 1e5, 1e5, 1e5],
        "R_q_ref": [0, 0, 0, 0, 0, 0, 0],
        "R_q_p": [1e-10, 1e-10, 1e-10, 1e-10, 1e-10, 1e-10, 1e-10],
        "R_u": [1e-3, 1e-3, 1e-3, 1e-3, 1e-3, 1e-3, 1e-3],
        "R_x_prev": [0, 0, 0, 0, 0, 0, 0, 0, 0, 0, 0, 0, 0, 0],
        "R_u0_prev": [0, 0, 0, 0, 0, 0, 0],
        "K_P_q": [10, 10, 10, 10, 10, 10, 10],
        "K_D_q": [6, 6, 6, 6, 6, 6, 6],
        "max_du": 1e3,
        "q_ref": [0, 0, 0, -1.59695, 0, 2.53075, 0],
        "x_min": [-2.3093, -1.5133, -2.4937, -2.7478, -2.48, 0.8521, -2.6895, -2, -1, -1.5, -1.25, -3, -1.5, -3],
        "x_max": [2.3093, 1.5133, 2.4937, -0.4461, 2.48, 4.2094, 2.6895, 2, 1, 1.5, 1.25, 3, 1.5, 3],
        "u_min": [-10, -10, -10, -10, -10, -10, -10],
        "u_max": [10, 10, 10, 10, 10, 10, 10]
    },
    "MPC3_kin_int_thelenberg_N_MPC_15": {
        "N_step": 5,
        "dt": 1e-3,
        "Q_y": [1e2, 1e2, 1e2, 1e2, 1e2, 1e2],
        "Q_yN": [1e5, 1e5, 1e5, 1e5, 1e5, 1e5],
        "R_q_ref": [0, 0, 0, 0, 0, 0, 0],
        "R_q_p": [1e-10, 1e-10, 1e-10, 1e-10, 1e-10, 1e-10, 1e-10],
        "R_u": [1e-3, 1e-3, 1e-3, 1e-3, 1e-3, 1e-3, 1e-3],
        "R_x_prev": [0, 0, 0, 0, 0, 0, 0, 0, 0, 0, 0, 0, 0, 0],